Dataset,Accuracy,Precision,Recall,F1,ROC_AUC
CORD,0.44642857142857145,0.5,0.008064516129032258,0.015873015873015872,0.645
