Dataset,Accuracy,Precision,Recall,F1,ROC_AUC
FUNSD,0.5434782608695652,0.654320987654321,0.6022727272727273,0.6272189349112426,0.6002272727272727
